{"cameraMode":{"drawMode":0,"name":"Shaded","section":"Shading Mode"},"sceneLighting":true,"audioPlay":false,"sceneViewState":{"m_AlwaysRefresh":false,"showFog":true,"showSkybox":true,"showFlares":true,"showImageEffects":true,"showParticleSystems":true,"showVisualEffectGraphs":true,"m_FxEnabled":true},"in2DMode":false,"pivot":{"x":5.001009941101074,"y":0.7881664633750916,"z":0.18055200576782227},"rotation":{"x":-0.11037170141935349,"y":0.7163708806037903,"z":-0.11641227453947067,"w":-0.6790578961372376},"size":2.0785977840423586,"orthographic":false}