{"cameraMode":{"drawMode":0,"name":"Shaded","section":"Shading Mode"},"sceneLighting":true,"audioPlay":false,"sceneViewState":{"m_AlwaysRefresh":false,"showFog":true,"showSkybox":true,"showFlares":true,"showImageEffects":true,"showParticleSystems":true,"showVisualEffectGraphs":true,"m_FxEnabled":true},"in2DMode":false,"pivot":{"x":-2.086162567138672e-7,"y":0.451471745967865,"z":-8.018105506896973},"rotation":{"x":-0.19111722707748414,"y":0.01120694074779749,"z":-0.0021606034133583309,"w":-0.9815133810043335},"size":0.5827807784080505,"orthographic":false}