{"cameraMode":{"drawMode":0,"name":"Shaded","section":"Shading Mode"},"sceneLighting":true,"audioPlay":false,"sceneViewState":{"m_AlwaysRefresh":false,"showFog":true,"showSkybox":true,"showFlares":true,"showImageEffects":true,"showParticleSystems":true,"showVisualEffectGraphs":true,"m_FxEnabled":true},"in2DMode":false,"pivot":{"x":5.001009941101074,"y":0.6416704654693604,"z":0.18055200576782227},"rotation":{"x":-0.39112454652786257,"y":0.12151820212602616,"z":-0.052167460322380069,"w":-0.9108113646507263},"size":2.138173818588257,"orthographic":true}