{"cameraMode":{"drawMode":0,"name":"Shaded","section":"Shading Mode"},"sceneLighting":true,"audioPlay":false,"sceneViewState":{"m_AlwaysRefresh":false,"showFog":true,"showSkybox":true,"showFlares":true,"showImageEffects":true,"showParticleSystems":true,"showVisualEffectGraphs":true,"m_FxEnabled":true},"in2DMode":false,"pivot":{"x":-2.086162567138672e-7,"y":0.451471745967865,"z":-7.018105506896973},"rotation":{"x":-0.007808508351445198,"y":-0.02158486098051071,"z":0.00018385257862973958,"w":-0.9997493028640747},"size":0.9399877190589905,"orthographic":false}