{"cameraMode":{"drawMode":0,"name":"Shaded","section":"Shading Mode"},"sceneLighting":false,"audioPlay":false,"sceneViewState":{"m_AlwaysRefresh":false,"showFog":true,"showSkybox":false,"showFlares":true,"showImageEffects":true,"showParticleSystems":true,"showVisualEffectGraphs":true,"m_FxEnabled":true},"in2DMode":false,"pivot":{"x":-0.008579432964324952,"y":0.451471745967865,"z":-0.01810556650161743},"rotation":{"x":-0.06767438352108002,"y":0.05027740076184273,"z":-0.0033970202784985306,"w":-0.9964471459388733},"size":0.527350127696991,"orthographic":false}